series_id,surface
0,hard_tiles_large_space
1,fine_concrete
2,tiled
3,soft_tiles
4,soft_tiles
5,concrete
6,soft_pvc
7,hard_tiles_large_space
8,wood
9,wood
10,soft_pvc
11,concrete
12,wood
13,soft_tiles
14,tiled
15,wood
16,concrete
17,soft_tiles
18,wood
19,soft_pvc
20,soft_pvc
21,wood
22,soft_pvc
23,hard_tiles_large_space
24,concrete
25,wood
26,concrete
27,concrete
28,carpet
29,tiled
30,soft_pvc
31,concrete
32,concrete
33,soft_pvc
34,soft_pvc
35,wood
36,fine_concrete
37,soft_tiles
38,soft_pvc
39,soft_pvc
40,carpet
41,soft_pvc
42,concrete
43,concrete
44,soft_pvc
45,soft_pvc
46,wood
47,carpet
48,wood
49,wood
50,wood
51,soft_tiles
52,soft_pvc
53,hard_tiles_large_space
54,soft_pvc
55,wood
56,tiled
57,concrete
58,soft_pvc
59,tiled
60,fine_concrete
61,concrete
62,carpet
63,concrete
64,tiled
65,soft_pvc
66,fine_concrete
67,soft_pvc
68,soft_pvc
69,concrete
70,tiled
71,soft_pvc
72,fine_concrete
73,wood
74,hard_tiles_large_space
75,wood
76,tiled
77,soft_pvc
78,concrete
79,soft_pvc
80,soft_tiles
81,fine_concrete
82,hard_tiles_large_space
83,tiled
84,concrete
85,soft_tiles
86,fine_concrete
87,concrete
88,concrete
89,concrete
90,wood
91,concrete
92,soft_tiles
93,concrete
94,tiled
95,carpet
96,soft_pvc
97,concrete
98,soft_tiles
99,concrete
100,hard_tiles_large_space
101,tiled
102,soft_pvc
103,wood
104,soft_pvc
105,concrete
106,tiled
107,wood
108,wood
109,concrete
110,soft_pvc
111,concrete
112,soft_pvc
113,fine_concrete
114,hard_tiles_large_space
115,soft_tiles
116,soft_pvc
117,soft_pvc
118,hard_tiles_large_space
119,soft_pvc
120,soft_pvc
121,wood
122,fine_concrete
123,tiled
124,wood
125,tiled
126,concrete
127,wood
128,fine_concrete
129,concrete
130,wood
131,wood
132,soft_pvc
133,wood
134,concrete
135,soft_pvc
136,concrete
137,wood
138,concrete
139,soft_pvc
140,soft_tiles
141,concrete
142,soft_pvc
143,fine_concrete
144,tiled
145,carpet
146,concrete
147,concrete
148,concrete
149,concrete
150,soft_pvc
151,soft_pvc
152,carpet
153,soft_pvc
154,fine_concrete
155,soft_pvc
156,tiled
157,wood
158,tiled
159,wood
160,concrete
161,hard_tiles_large_space
162,soft_pvc
163,soft_pvc
164,soft_pvc
165,hard_tiles
166,fine_concrete
167,hard_tiles_large_space
168,soft_tiles
169,hard_tiles_large_space
170,wood
171,soft_pvc
172,wood
173,soft_pvc
174,fine_concrete
175,concrete
176,concrete
177,fine_concrete
178,concrete
179,hard_tiles_large_space
180,tiled
181,wood
182,soft_pvc
183,soft_pvc
184,tiled
185,concrete
186,tiled
187,soft_pvc
188,wood
189,carpet
190,fine_concrete
191,wood
192,soft_pvc
193,concrete
194,soft_pvc
195,soft_pvc
196,wood
197,soft_tiles
198,concrete
199,soft_pvc
200,concrete
201,soft_pvc
202,soft_tiles
203,hard_tiles_large_space
204,soft_tiles
205,soft_pvc
206,soft_pvc
207,wood
208,carpet
209,concrete
210,soft_pvc
211,wood
212,soft_pvc
213,carpet
214,wood
215,soft_tiles
216,soft_tiles
217,concrete
218,soft_pvc
219,concrete
220,soft_pvc
221,soft_pvc
222,hard_tiles_large_space
223,soft_pvc
224,wood
225,soft_pvc
226,wood
227,soft_pvc
228,fine_concrete
229,tiled
230,soft_pvc
231,fine_concrete
232,concrete
233,soft_pvc
234,soft_pvc
235,soft_pvc
236,soft_pvc
237,concrete
238,concrete
239,fine_concrete
240,concrete
241,soft_pvc
242,tiled
243,soft_pvc
244,wood
245,tiled
246,wood
247,tiled
248,soft_pvc
249,tiled
250,tiled
251,wood
252,tiled
253,tiled
254,concrete
255,soft_tiles
256,soft_pvc
257,soft_pvc
258,hard_tiles
259,soft_tiles
260,concrete
261,soft_pvc
262,wood
263,concrete
264,tiled
265,soft_tiles
266,hard_tiles_large_space
267,tiled
268,tiled
269,soft_pvc
270,fine_concrete
271,soft_tiles
272,concrete
273,hard_tiles_large_space
274,fine_concrete
275,hard_tiles_large_space
276,tiled
277,wood
278,soft_pvc
279,soft_pvc
280,concrete
281,wood
282,concrete
283,soft_pvc
284,soft_tiles
285,wood
286,soft_pvc
287,concrete
288,tiled
289,soft_pvc
290,hard_tiles_large_space
291,hard_tiles_large_space
292,concrete
293,soft_tiles
294,tiled
295,soft_pvc
296,soft_pvc
297,wood
298,soft_tiles
299,concrete
300,soft_pvc
301,soft_pvc
302,soft_tiles
303,concrete
304,concrete
305,soft_pvc
306,tiled
307,concrete
308,tiled
309,concrete
310,concrete
311,soft_pvc
312,soft_pvc
313,wood
314,soft_pvc
315,concrete
316,soft_pvc
317,soft_tiles
318,tiled
319,wood
320,concrete
321,soft_pvc
322,fine_concrete
323,soft_tiles
324,tiled
325,carpet
326,hard_tiles_large_space
327,wood
328,concrete
329,concrete
330,hard_tiles_large_space
331,soft_pvc
332,tiled
333,soft_pvc
334,concrete
335,concrete
336,concrete
337,wood
338,concrete
339,wood
340,soft_pvc
341,hard_tiles_large_space
342,soft_pvc
343,soft_tiles
344,wood
345,concrete
346,fine_concrete
347,wood
348,concrete
349,soft_tiles
350,tiled
351,soft_tiles
352,concrete
353,wood
354,wood
355,concrete
356,wood
357,soft_tiles
358,concrete
359,soft_pvc
360,tiled
361,concrete
362,concrete
363,carpet
364,concrete
365,soft_pvc
366,fine_concrete
367,wood
368,hard_tiles_large_space
369,concrete
370,hard_tiles_large_space
371,wood
372,soft_pvc
373,concrete
374,tiled
375,wood
376,soft_tiles
377,tiled
378,tiled
379,concrete
380,hard_tiles_large_space
381,soft_tiles
382,wood
383,concrete
384,fine_concrete
385,fine_concrete
386,hard_tiles_large_space
387,soft_tiles
388,concrete
389,tiled
390,soft_tiles
391,wood
392,concrete
393,soft_pvc
394,concrete
395,soft_tiles
396,fine_concrete
397,fine_concrete
398,concrete
399,tiled
400,tiled
401,soft_pvc
402,soft_pvc
403,wood
404,carpet
405,soft_tiles
406,wood
407,fine_concrete
408,fine_concrete
409,soft_pvc
410,hard_tiles_large_space
411,wood
412,concrete
413,soft_pvc
414,soft_pvc
415,hard_tiles_large_space
416,fine_concrete
417,soft_pvc
418,fine_concrete
419,tiled
420,wood
421,wood
422,tiled
423,soft_pvc
424,wood
425,soft_pvc
426,wood
427,soft_pvc
428,hard_tiles_large_space
429,concrete
430,concrete
431,tiled
432,soft_pvc
433,concrete
434,soft_tiles
435,wood
436,concrete
437,soft_tiles
438,carpet
439,soft_pvc
440,soft_pvc
441,soft_tiles
442,soft_pvc
443,soft_pvc
444,wood
445,soft_pvc
446,hard_tiles_large_space
447,hard_tiles_large_space
448,wood
449,wood
450,soft_pvc
451,concrete
452,wood
453,wood
454,soft_tiles
455,tiled
456,concrete
457,soft_pvc
458,soft_pvc
459,soft_pvc
460,soft_tiles
461,hard_tiles_large_space
462,tiled
463,tiled
464,fine_concrete
465,concrete
466,concrete
467,soft_tiles
468,soft_tiles
469,soft_tiles
470,soft_pvc
471,soft_tiles
472,concrete
473,concrete
474,tiled
475,soft_pvc
476,wood
477,concrete
478,fine_concrete
479,wood
480,soft_tiles
481,tiled
482,concrete
483,hard_tiles_large_space
484,wood
485,carpet
486,concrete
487,concrete
488,wood
489,concrete
490,wood
491,soft_pvc
492,concrete
493,soft_pvc
494,soft_pvc
495,concrete
496,wood
497,concrete
498,concrete
499,concrete
500,tiled
501,wood
502,tiled
503,tiled
504,soft_pvc
505,fine_concrete
506,concrete
507,concrete
508,soft_pvc
509,wood
510,soft_pvc
511,soft_tiles
512,soft_pvc
513,soft_tiles
514,soft_pvc
515,concrete
516,soft_pvc
517,wood
518,concrete
519,soft_tiles
520,concrete
521,soft_tiles
522,soft_pvc
523,wood
524,concrete
525,hard_tiles_large_space
526,wood
527,concrete
528,concrete
529,concrete
530,soft_pvc
531,fine_concrete
532,soft_pvc
533,soft_tiles
534,concrete
535,concrete
536,fine_concrete
537,soft_tiles
538,wood
539,wood
540,fine_concrete
541,carpet
542,soft_pvc
543,concrete
544,soft_pvc
545,wood
546,wood
547,soft_pvc
548,concrete
549,hard_tiles_large_space
550,soft_tiles
551,soft_tiles
552,soft_pvc
553,concrete
554,soft_tiles
555,concrete
556,wood
557,wood
558,concrete
559,soft_pvc
560,fine_concrete
561,fine_concrete
562,concrete
563,wood
564,soft_pvc
565,hard_tiles_large_space
566,tiled
567,tiled
568,wood
569,soft_pvc
570,tiled
571,soft_pvc
572,concrete
573,soft_pvc
574,concrete
575,wood
576,fine_concrete
577,concrete
578,tiled
579,concrete
580,soft_tiles
581,concrete
582,concrete
583,soft_tiles
584,concrete
585,soft_pvc
586,fine_concrete
587,soft_pvc
588,soft_pvc
589,concrete
590,tiled
591,tiled
592,soft_pvc
593,concrete
594,soft_tiles
595,concrete
596,tiled
597,wood
598,tiled
599,concrete
600,tiled
601,carpet
602,fine_concrete
603,wood
604,wood
605,concrete
606,soft_tiles
607,concrete
608,wood
609,soft_pvc
610,hard_tiles_large_space
611,fine_concrete
612,soft_pvc
613,wood
614,soft_pvc
615,fine_concrete
616,hard_tiles_large_space
617,wood
618,concrete
619,hard_tiles_large_space
620,concrete
621,soft_tiles
622,fine_concrete
623,wood
624,tiled
625,soft_tiles
626,soft_pvc
627,soft_pvc
628,soft_tiles
629,soft_pvc
630,concrete
631,wood
632,wood
633,wood
634,soft_pvc
635,concrete
636,soft_tiles
637,concrete
638,soft_pvc
639,hard_tiles_large_space
640,soft_pvc
641,concrete
642,concrete
643,tiled
644,soft_tiles
645,concrete
646,wood
647,concrete
648,tiled
649,hard_tiles_large_space
650,wood
651,soft_tiles
652,tiled
653,fine_concrete
654,concrete
655,wood
656,tiled
657,concrete
658,concrete
659,tiled
660,fine_concrete
661,concrete
662,soft_pvc
663,concrete
664,hard_tiles_large_space
665,tiled
666,soft_pvc
667,tiled
668,fine_concrete
669,soft_pvc
670,soft_pvc
671,fine_concrete
672,tiled
673,wood
674,concrete
675,soft_pvc
676,soft_tiles
677,concrete
678,soft_pvc
679,wood
680,soft_pvc
681,fine_concrete
682,wood
683,concrete
684,fine_concrete
685,wood
686,wood
687,tiled
688,soft_pvc
689,wood
690,tiled
691,soft_pvc
692,soft_tiles
693,wood
694,wood
695,soft_tiles
696,soft_pvc
697,wood
698,soft_tiles
699,soft_pvc
700,wood
701,concrete
702,soft_pvc
703,tiled
704,soft_tiles
705,soft_pvc
706,concrete
707,soft_pvc
708,tiled
709,soft_pvc
710,soft_tiles
711,tiled
712,hard_tiles_large_space
713,wood
714,soft_pvc
715,hard_tiles_large_space
716,hard_tiles_large_space
717,soft_pvc
718,tiled
719,soft_pvc
720,soft_tiles
721,wood
722,wood
723,concrete
724,soft_tiles
725,concrete
726,concrete
727,wood
728,soft_pvc
729,tiled
730,tiled
731,hard_tiles_large_space
732,hard_tiles_large_space
733,concrete
734,concrete
735,concrete
736,soft_pvc
737,hard_tiles_large_space
738,wood
739,concrete
740,hard_tiles_large_space
741,carpet
742,concrete
743,tiled
744,soft_pvc
745,soft_pvc
746,concrete
747,concrete
748,concrete
749,soft_pvc
750,soft_tiles
751,soft_tiles
752,soft_pvc
753,concrete
754,soft_pvc
755,hard_tiles_large_space
756,wood
757,soft_tiles
758,soft_pvc
759,soft_pvc
760,soft_pvc
761,concrete
762,concrete
763,soft_pvc
764,soft_tiles
765,wood
766,soft_pvc
767,concrete
768,soft_pvc
769,fine_concrete
770,soft_pvc
771,concrete
772,fine_concrete
773,wood
774,tiled
775,soft_pvc
776,concrete
777,wood
778,carpet
779,concrete
780,soft_pvc
781,concrete
782,wood
783,hard_tiles_large_space
784,soft_pvc
785,concrete
786,fine_concrete
787,carpet
788,soft_tiles
789,wood
790,concrete
791,wood
792,wood
793,tiled
794,wood
795,tiled
796,soft_pvc
797,tiled
798,wood
799,concrete
800,wood
801,concrete
802,concrete
803,wood
804,concrete
805,fine_concrete
806,soft_pvc
807,concrete
808,tiled
809,tiled
810,soft_pvc
811,concrete
812,soft_tiles
813,concrete
814,soft_tiles
815,soft_pvc
816,soft_tiles
817,soft_tiles
818,soft_pvc
819,soft_pvc
820,carpet
821,concrete
822,concrete
823,soft_pvc
824,concrete
825,soft_pvc
826,wood
827,carpet
828,hard_tiles
829,wood
830,fine_concrete
831,concrete
832,hard_tiles_large_space
833,wood
834,wood
835,concrete
836,soft_pvc
837,soft_pvc
838,wood
839,tiled
840,soft_tiles
841,soft_pvc
842,tiled
843,fine_concrete
844,soft_pvc
845,concrete
846,soft_pvc
847,concrete
848,concrete
849,wood
850,wood
851,soft_pvc
852,hard_tiles_large_space
853,concrete
854,concrete
855,tiled
856,soft_tiles
857,wood
858,concrete
859,soft_pvc
860,wood
861,soft_tiles
862,soft_pvc
863,concrete
864,tiled
865,concrete
866,wood
867,soft_tiles
868,concrete
869,tiled
870,soft_tiles
871,wood
872,tiled
873,tiled
874,hard_tiles_large_space
875,carpet
876,tiled
877,soft_pvc
878,tiled
879,hard_tiles_large_space
880,soft_pvc
881,wood
882,soft_tiles
883,soft_tiles
884,soft_tiles
885,concrete
886,concrete
887,concrete
888,fine_concrete
889,soft_pvc
890,concrete
891,soft_pvc
892,soft_pvc
893,concrete
894,concrete
895,soft_pvc
896,wood
897,tiled
898,tiled
899,soft_pvc
900,tiled
901,soft_pvc
902,soft_pvc
903,wood
904,concrete
905,tiled
906,concrete
907,soft_tiles
908,wood
909,fine_concrete
910,concrete
911,concrete
912,concrete
913,fine_concrete
914,wood
915,soft_pvc
916,concrete
917,concrete
918,concrete
919,soft_tiles
920,soft_pvc
921,soft_pvc
922,hard_tiles_large_space
923,hard_tiles_large_space
924,soft_pvc
925,concrete
926,hard_tiles_large_space
927,hard_tiles_large_space
928,wood
929,tiled
930,concrete
931,tiled
932,concrete
933,concrete
934,carpet
935,concrete
936,soft_pvc
937,wood
938,soft_pvc
939,wood
940,tiled
941,tiled
942,soft_pvc
943,wood
944,concrete
945,wood
946,wood
947,wood
948,soft_pvc
949,concrete
950,fine_concrete
951,soft_pvc
952,concrete
953,fine_concrete
954,concrete
955,concrete
956,wood
957,wood
958,soft_tiles
959,soft_pvc
960,soft_pvc
961,soft_pvc
962,tiled
963,soft_pvc
964,soft_pvc
965,soft_pvc
966,carpet
967,soft_tiles
968,concrete
969,soft_tiles
970,soft_pvc
971,soft_pvc
972,wood
973,concrete
974,concrete
975,soft_pvc
976,concrete
977,fine_concrete
978,concrete
979,concrete
980,soft_pvc
981,soft_pvc
982,wood
983,soft_tiles
984,hard_tiles_large_space
985,hard_tiles_large_space
986,concrete
987,wood
988,concrete
989,concrete
990,tiled
991,soft_pvc
992,wood
993,tiled
994,fine_concrete
995,wood
996,concrete
997,soft_pvc
998,tiled
999,tiled
1000,soft_pvc
1001,concrete
1002,concrete
1003,hard_tiles_large_space
1004,soft_pvc
1005,fine_concrete
1006,soft_pvc
1007,wood
1008,hard_tiles_large_space
1009,tiled
1010,carpet
1011,concrete
1012,wood
1013,soft_pvc
1014,concrete
1015,tiled
1016,tiled
1017,concrete
1018,soft_pvc
1019,wood
1020,wood
1021,hard_tiles_large_space
1022,concrete
1023,concrete
1024,soft_tiles
1025,carpet
1026,soft_pvc
1027,wood
1028,concrete
1029,wood
1030,fine_concrete
1031,hard_tiles_large_space
1032,concrete
1033,soft_pvc
1034,hard_tiles_large_space
1035,carpet
1036,soft_pvc
1037,soft_pvc
1038,soft_pvc
1039,soft_pvc
1040,fine_concrete
1041,wood
1042,soft_pvc
1043,soft_pvc
1044,wood
1045,concrete
1046,fine_concrete
1047,fine_concrete
1048,concrete
1049,soft_pvc
1050,concrete
1051,soft_pvc
1052,carpet
1053,soft_pvc
1054,soft_pvc
1055,soft_tiles
1056,soft_pvc
1057,concrete
1058,wood
1059,tiled
1060,soft_tiles
1061,soft_pvc
1062,hard_tiles_large_space
1063,carpet
1064,wood
1065,soft_tiles
1066,concrete
1067,tiled
1068,tiled
1069,soft_tiles
1070,hard_tiles_large_space
1071,concrete
1072,wood
1073,concrete
1074,wood
1075,concrete
1076,hard_tiles_large_space
1077,soft_pvc
1078,soft_pvc
1079,soft_tiles
1080,soft_tiles
1081,hard_tiles_large_space
1082,concrete
1083,fine_concrete
1084,concrete
1085,tiled
1086,concrete
1087,soft_pvc
1088,wood
1089,soft_pvc
1090,soft_pvc
1091,tiled
1092,tiled
1093,tiled
1094,tiled
1095,concrete
1096,wood
1097,concrete
1098,fine_concrete
1099,concrete
1100,soft_pvc
1101,soft_pvc
1102,soft_tiles
1103,wood
1104,tiled
1105,fine_concrete
1106,wood
1107,soft_pvc
1108,concrete
1109,concrete
1110,soft_tiles
1111,soft_tiles
1112,wood
1113,fine_concrete
1114,soft_pvc
1115,wood
1116,wood
1117,soft_pvc
1118,soft_pvc
1119,concrete
1120,tiled
1121,wood
1122,soft_tiles
1123,soft_pvc
1124,tiled
1125,wood
1126,concrete
1127,hard_tiles_large_space
1128,soft_pvc
1129,concrete
1130,wood
1131,wood
1132,concrete
1133,concrete
1134,wood
1135,soft_pvc
1136,tiled
1137,wood
1138,soft_tiles
1139,tiled
1140,soft_tiles
1141,concrete
1142,concrete
1143,wood
1144,soft_pvc
1145,fine_concrete
1146,concrete
1147,soft_tiles
1148,concrete
1149,carpet
1150,wood
1151,concrete
1152,soft_pvc
1153,soft_tiles
1154,soft_pvc
1155,concrete
1156,soft_pvc
1157,tiled
1158,soft_pvc
1159,soft_pvc
1160,carpet
1161,tiled
1162,carpet
1163,concrete
1164,fine_concrete
1165,wood
1166,soft_pvc
1167,wood
1168,wood
1169,wood
1170,concrete
1171,wood
1172,hard_tiles_large_space
1173,wood
1174,soft_pvc
1175,soft_pvc
1176,hard_tiles_large_space
1177,wood
1178,wood
1179,hard_tiles_large_space
1180,tiled
1181,soft_tiles
1182,wood
1183,soft_pvc
1184,hard_tiles_large_space
1185,hard_tiles_large_space
1186,tiled
1187,concrete
1188,tiled
1189,soft_tiles
1190,hard_tiles_large_space
1191,soft_tiles
1192,tiled
1193,soft_tiles
1194,wood
1195,soft_pvc
1196,wood
1197,fine_concrete
1198,wood
1199,wood
1200,tiled
1201,concrete
1202,soft_pvc
1203,concrete
1204,soft_pvc
1205,soft_tiles
1206,soft_pvc
1207,soft_tiles
1208,concrete
1209,fine_concrete
1210,concrete
1211,tiled
1212,carpet
1213,soft_tiles
1214,fine_concrete
1215,fine_concrete
1216,hard_tiles_large_space
1217,hard_tiles_large_space
1218,soft_pvc
1219,wood
1220,soft_pvc
1221,concrete
1222,soft_pvc
1223,wood
1224,soft_tiles
1225,concrete
1226,soft_pvc
1227,soft_pvc
1228,wood
1229,wood
1230,wood
1231,tiled
1232,soft_pvc
1233,wood
1234,concrete
1235,wood
1236,soft_pvc
1237,tiled
1238,concrete
1239,concrete
1240,concrete
1241,wood
1242,concrete
1243,tiled
1244,fine_concrete
1245,tiled
1246,wood
1247,tiled
1248,tiled
1249,concrete
1250,concrete
1251,concrete
1252,concrete
1253,soft_pvc
1254,soft_pvc
1255,concrete
1256,soft_pvc
1257,carpet
1258,soft_pvc
1259,tiled
1260,wood
1261,soft_pvc
1262,soft_tiles
1263,soft_pvc
1264,wood
1265,soft_pvc
1266,hard_tiles_large_space
1267,soft_pvc
1268,soft_pvc
1269,concrete
1270,soft_tiles
1271,hard_tiles_large_space
1272,soft_pvc
1273,soft_pvc
1274,soft_tiles
1275,soft_pvc
1276,wood
1277,concrete
1278,concrete
1279,soft_tiles
1280,concrete
1281,hard_tiles_large_space
1282,concrete
1283,wood
1284,soft_pvc
1285,fine_concrete
1286,tiled
1287,concrete
1288,soft_tiles
1289,soft_pvc
1290,tiled
1291,soft_pvc
1292,wood
1293,concrete
1294,fine_concrete
1295,tiled
1296,wood
1297,concrete
1298,concrete
1299,soft_tiles
1300,concrete
1301,fine_concrete
1302,concrete
1303,soft_pvc
1304,concrete
1305,fine_concrete
1306,concrete
1307,concrete
1308,soft_pvc
1309,concrete
1310,concrete
1311,wood
1312,concrete
1313,wood
1314,tiled
1315,carpet
1316,carpet
1317,soft_pvc
1318,soft_pvc
1319,concrete
1320,concrete
1321,carpet
1322,hard_tiles_large_space
1323,soft_tiles
1324,soft_pvc
1325,concrete
1326,concrete
1327,fine_concrete
1328,soft_pvc
1329,concrete
1330,tiled
1331,soft_tiles
1332,carpet
1333,concrete
1334,concrete
1335,hard_tiles_large_space
1336,soft_pvc
1337,carpet
1338,wood
1339,soft_pvc
1340,soft_pvc
1341,soft_pvc
1342,carpet
1343,soft_pvc
1344,soft_pvc
1345,fine_concrete
1346,soft_pvc
1347,soft_pvc
1348,tiled
1349,hard_tiles_large_space
1350,hard_tiles_large_space
1351,concrete
1352,fine_concrete
1353,fine_concrete
1354,soft_tiles
1355,concrete
1356,soft_pvc
1357,soft_pvc
1358,soft_tiles
1359,concrete
1360,soft_pvc
1361,hard_tiles_large_space
1362,hard_tiles_large_space
1363,soft_pvc
1364,concrete
1365,tiled
1366,carpet
1367,soft_pvc
1368,hard_tiles_large_space
1369,soft_tiles
1370,soft_pvc
1371,hard_tiles_large_space
1372,wood
1373,soft_tiles
1374,soft_tiles
1375,tiled
1376,concrete
1377,tiled
1378,fine_concrete
1379,tiled
1380,fine_concrete
1381,tiled
1382,soft_pvc
1383,hard_tiles_large_space
1384,concrete
1385,wood
1386,hard_tiles_large_space
1387,fine_concrete
1388,wood
1389,carpet
1390,fine_concrete
1391,concrete
1392,soft_pvc
1393,fine_concrete
1394,tiled
1395,concrete
1396,carpet
1397,concrete
1398,soft_pvc
1399,wood
1400,concrete
1401,concrete
1402,wood
1403,soft_tiles
1404,soft_tiles
1405,hard_tiles_large_space
1406,concrete
1407,soft_tiles
1408,tiled
1409,soft_tiles
1410,concrete
1411,carpet
1412,concrete
1413,soft_pvc
1414,soft_pvc
1415,soft_pvc
1416,wood
1417,soft_tiles
1418,wood
1419,tiled
1420,soft_pvc
1421,wood
1422,concrete
1423,soft_pvc
1424,concrete
1425,wood
1426,soft_tiles
1427,hard_tiles_large_space
1428,soft_tiles
1429,soft_pvc
1430,wood
1431,tiled
1432,concrete
1433,soft_pvc
1434,soft_pvc
1435,soft_tiles
1436,tiled
1437,concrete
1438,wood
1439,wood
1440,soft_tiles
1441,soft_pvc
1442,soft_pvc
1443,fine_concrete
1444,soft_pvc
1445,wood
1446,tiled
1447,hard_tiles_large_space
1448,concrete
1449,soft_pvc
1450,fine_concrete
1451,soft_pvc
1452,soft_pvc
1453,concrete
1454,wood
1455,carpet
1456,concrete
1457,soft_pvc
1458,concrete
1459,concrete
1460,soft_tiles
1461,soft_pvc
1462,concrete
1463,fine_concrete
1464,concrete
1465,concrete
1466,concrete
1467,soft_tiles
1468,soft_pvc
1469,soft_tiles
1470,wood
1471,concrete
1472,soft_pvc
1473,concrete
1474,hard_tiles_large_space
1475,concrete
1476,soft_pvc
1477,fine_concrete
1478,soft_pvc
1479,concrete
1480,hard_tiles_large_space
1481,concrete
1482,concrete
1483,fine_concrete
1484,soft_tiles
1485,fine_concrete
1486,soft_pvc
1487,tiled
1488,tiled
1489,wood
1490,soft_pvc
1491,wood
1492,soft_pvc
1493,wood
1494,hard_tiles_large_space
1495,hard_tiles_large_space
1496,wood
1497,tiled
1498,soft_pvc
1499,hard_tiles_large_space
1500,soft_pvc
1501,fine_concrete
1502,soft_pvc
1503,hard_tiles_large_space
1504,fine_concrete
1505,wood
1506,wood
1507,soft_pvc
1508,wood
1509,wood
1510,wood
1511,tiled
1512,soft_pvc
1513,carpet
1514,wood
1515,wood
1516,fine_concrete
1517,soft_tiles
1518,soft_pvc
1519,soft_pvc
1520,soft_pvc
1521,wood
1522,soft_tiles
1523,soft_tiles
1524,tiled
1525,tiled
1526,concrete
1527,concrete
1528,wood
1529,tiled
1530,carpet
1531,soft_pvc
1532,concrete
1533,soft_tiles
1534,tiled
1535,soft_tiles
1536,hard_tiles_large_space
1537,soft_pvc
1538,hard_tiles_large_space
1539,concrete
1540,tiled
1541,concrete
1542,hard_tiles_large_space
1543,soft_pvc
1544,soft_tiles
1545,soft_pvc
1546,tiled
1547,wood
1548,soft_tiles
1549,tiled
1550,wood
1551,hard_tiles_large_space
1552,soft_tiles
1553,fine_concrete
1554,tiled
1555,wood
1556,soft_pvc
1557,fine_concrete
1558,soft_pvc
1559,soft_pvc
1560,soft_tiles
1561,soft_tiles
1562,tiled
1563,hard_tiles_large_space
1564,wood
1565,concrete
1566,soft_pvc
1567,concrete
1568,hard_tiles_large_space
1569,fine_concrete
1570,concrete
1571,concrete
1572,soft_tiles
1573,concrete
1574,tiled
1575,soft_tiles
1576,soft_tiles
1577,concrete
1578,tiled
1579,concrete
1580,fine_concrete
1581,soft_pvc
1582,concrete
1583,fine_concrete
1584,concrete
1585,concrete
1586,concrete
1587,carpet
1588,carpet
1589,concrete
1590,wood
1591,concrete
1592,fine_concrete
1593,concrete
1594,hard_tiles_large_space
1595,concrete
1596,tiled
1597,soft_pvc
1598,carpet
1599,tiled
1600,wood
1601,concrete
1602,soft_pvc
1603,soft_tiles
1604,soft_tiles
1605,soft_pvc
1606,tiled
1607,tiled
1608,concrete
1609,wood
1610,concrete
1611,soft_pvc
1612,wood
1613,wood
1614,soft_tiles
1615,soft_tiles
1616,soft_tiles
1617,concrete
1618,soft_pvc
1619,wood
1620,soft_pvc
1621,hard_tiles_large_space
1622,tiled
1623,soft_tiles
1624,soft_tiles
1625,soft_pvc
1626,soft_tiles
1627,concrete
1628,hard_tiles_large_space
1629,concrete
1630,hard_tiles_large_space
1631,soft_tiles
1632,concrete
1633,soft_pvc
1634,wood
1635,soft_tiles
1636,soft_tiles
1637,soft_pvc
1638,hard_tiles_large_space
1639,soft_pvc
1640,wood
1641,soft_tiles
1642,fine_concrete
1643,fine_concrete
1644,wood
1645,soft_pvc
1646,soft_tiles
1647,concrete
1648,soft_tiles
1649,wood
1650,soft_pvc
1651,concrete
1652,hard_tiles_large_space
1653,soft_pvc
1654,soft_pvc
1655,wood
1656,fine_concrete
1657,wood
1658,soft_pvc
1659,wood
1660,soft_pvc
1661,soft_pvc
1662,concrete
1663,concrete
1664,fine_concrete
1665,soft_pvc
1666,soft_pvc
1667,concrete
1668,concrete
1669,concrete
1670,tiled
1671,tiled
1672,fine_concrete
1673,soft_pvc
1674,soft_tiles
1675,soft_pvc
1676,concrete
1677,soft_tiles
1678,soft_tiles
1679,concrete
1680,soft_tiles
1681,tiled
1682,soft_pvc
1683,concrete
1684,wood
1685,tiled
1686,concrete
1687,concrete
1688,soft_tiles
1689,concrete
1690,hard_tiles_large_space
1691,soft_tiles
1692,soft_pvc
1693,tiled
1694,wood
1695,soft_pvc
1696,tiled
1697,soft_pvc
1698,hard_tiles_large_space
1699,fine_concrete
1700,concrete
1701,concrete
1702,soft_pvc
1703,concrete
1704,soft_tiles
1705,concrete
1706,soft_pvc
1707,fine_concrete
1708,soft_pvc
1709,wood
1710,concrete
1711,soft_pvc
1712,tiled
1713,concrete
1714,tiled
1715,concrete
1716,soft_pvc
1717,wood
1718,soft_pvc
1719,concrete
1720,concrete
1721,concrete
1722,fine_concrete
1723,hard_tiles_large_space
1724,hard_tiles_large_space
1725,soft_pvc
1726,tiled
1727,tiled
1728,wood
1729,concrete
1730,tiled
1731,soft_pvc
1732,tiled
1733,tiled
1734,fine_concrete
1735,hard_tiles_large_space
1736,soft_tiles
1737,soft_pvc
1738,concrete
1739,tiled
1740,fine_concrete
1741,tiled
1742,tiled
1743,wood
1744,tiled
1745,concrete
1746,wood
1747,soft_tiles
1748,hard_tiles_large_space
1749,soft_pvc
1750,soft_pvc
1751,wood
1752,concrete
1753,hard_tiles_large_space
1754,concrete
1755,concrete
1756,concrete
1757,soft_pvc
1758,concrete
1759,soft_pvc
1760,carpet
1761,soft_pvc
1762,concrete
1763,soft_pvc
1764,tiled
1765,concrete
1766,concrete
1767,soft_pvc
1768,soft_pvc
1769,concrete
1770,soft_pvc
1771,wood
1772,wood
1773,tiled
1774,soft_tiles
1775,soft_pvc
1776,soft_tiles
1777,concrete
1778,fine_concrete
1779,wood
1780,soft_pvc
1781,concrete
1782,wood
1783,soft_pvc
1784,soft_pvc
1785,soft_tiles
1786,soft_tiles
1787,soft_pvc
1788,tiled
1789,soft_tiles
1790,soft_tiles
1791,carpet
1792,soft_pvc
1793,soft_pvc
1794,concrete
1795,concrete
1796,tiled
1797,concrete
1798,concrete
1799,soft_tiles
1800,tiled
1801,soft_pvc
1802,soft_pvc
1803,wood
1804,concrete
1805,soft_tiles
1806,concrete
1807,concrete
1808,soft_tiles
1809,concrete
1810,soft_pvc
1811,soft_tiles
1812,soft_pvc
1813,concrete
1814,concrete
1815,wood
1816,fine_concrete
1817,soft_pvc
1818,soft_pvc
1819,soft_pvc
1820,concrete
1821,soft_pvc
1822,soft_tiles
1823,wood
1824,wood
1825,soft_pvc
1826,soft_pvc
1827,concrete
1828,soft_tiles
1829,concrete
1830,concrete
1831,wood
1832,wood
1833,concrete
1834,fine_concrete
1835,concrete
1836,fine_concrete
1837,concrete
1838,soft_tiles
1839,concrete
1840,soft_tiles
1841,soft_pvc
1842,soft_pvc
1843,tiled
1844,concrete
1845,soft_tiles
1846,concrete
1847,wood
1848,fine_concrete
1849,soft_tiles
1850,tiled
1851,concrete
1852,fine_concrete
1853,tiled
1854,concrete
1855,soft_pvc
1856,concrete
1857,soft_tiles
1858,hard_tiles_large_space
1859,concrete
1860,concrete
1861,concrete
1862,tiled
1863,concrete
1864,fine_concrete
1865,concrete
1866,soft_pvc
1867,soft_pvc
1868,carpet
1869,tiled
1870,wood
1871,soft_pvc
1872,concrete
1873,tiled
1874,fine_concrete
1875,wood
1876,concrete
1877,soft_pvc
1878,soft_tiles
1879,wood
1880,concrete
1881,concrete
1882,soft_pvc
1883,soft_pvc
1884,soft_pvc
1885,tiled
1886,wood
1887,hard_tiles_large_space
1888,soft_pvc
1889,concrete
1890,concrete
1891,fine_concrete
1892,tiled
1893,soft_tiles
1894,fine_concrete
1895,concrete
1896,carpet
1897,wood
1898,concrete
1899,soft_tiles
1900,soft_pvc
1901,carpet
1902,wood
1903,hard_tiles_large_space
1904,tiled
1905,fine_concrete
1906,concrete
1907,soft_pvc
1908,tiled
1909,soft_tiles
1910,wood
1911,hard_tiles_large_space
1912,hard_tiles_large_space
1913,fine_concrete
1914,wood
1915,soft_pvc
1916,soft_tiles
1917,soft_tiles
1918,concrete
1919,soft_pvc
1920,wood
1921,concrete
1922,soft_pvc
1923,concrete
1924,wood
1925,concrete
1926,wood
1927,tiled
1928,tiled
1929,concrete
1930,concrete
1931,concrete
1932,soft_tiles
1933,tiled
1934,concrete
1935,wood
1936,wood
1937,soft_pvc
1938,concrete
1939,soft_tiles
1940,concrete
1941,soft_tiles
1942,concrete
1943,wood
1944,hard_tiles_large_space
1945,soft_tiles
1946,soft_tiles
1947,concrete
1948,concrete
1949,wood
1950,soft_pvc
1951,wood
1952,hard_tiles_large_space
1953,concrete
1954,soft_tiles
1955,fine_concrete
1956,fine_concrete
1957,tiled
1958,concrete
1959,soft_pvc
1960,concrete
1961,concrete
1962,fine_concrete
1963,wood
1964,concrete
1965,concrete
1966,hard_tiles_large_space
1967,fine_concrete
1968,soft_pvc
1969,wood
1970,hard_tiles_large_space
1971,carpet
1972,concrete
1973,concrete
1974,tiled
1975,soft_tiles
1976,wood
1977,concrete
1978,tiled
1979,concrete
1980,hard_tiles_large_space
1981,concrete
1982,fine_concrete
1983,tiled
1984,concrete
1985,soft_pvc
1986,soft_pvc
1987,wood
1988,soft_pvc
1989,tiled
1990,soft_pvc
1991,carpet
1992,soft_pvc
1993,concrete
1994,hard_tiles_large_space
1995,soft_pvc
1996,concrete
1997,wood
1998,carpet
1999,fine_concrete
2000,soft_pvc
2001,fine_concrete
2002,wood
2003,soft_tiles
2004,tiled
2005,concrete
2006,soft_pvc
2007,concrete
2008,soft_pvc
2009,wood
2010,soft_pvc
2011,tiled
2012,soft_pvc
2013,wood
2014,soft_pvc
2015,tiled
2016,wood
2017,soft_tiles
2018,soft_tiles
2019,fine_concrete
2020,soft_pvc
2021,soft_tiles
2022,soft_pvc
2023,soft_pvc
2024,soft_tiles
2025,concrete
2026,tiled
2027,hard_tiles_large_space
2028,soft_pvc
2029,soft_pvc
2030,tiled
2031,soft_pvc
2032,wood
2033,concrete
2034,soft_pvc
2035,tiled
2036,concrete
2037,soft_pvc
2038,wood
2039,tiled
2040,concrete
2041,soft_pvc
2042,concrete
2043,carpet
2044,tiled
2045,concrete
2046,soft_pvc
2047,tiled
2048,wood
2049,hard_tiles_large_space
2050,tiled
2051,soft_pvc
2052,concrete
2053,soft_tiles
2054,hard_tiles_large_space
2055,wood
2056,soft_pvc
2057,soft_tiles
2058,concrete
2059,concrete
2060,concrete
2061,soft_pvc
2062,concrete
2063,soft_pvc
2064,soft_tiles
2065,soft_pvc
2066,concrete
2067,soft_pvc
2068,concrete
2069,carpet
2070,concrete
2071,wood
2072,tiled
2073,fine_concrete
2074,wood
2075,carpet
2076,tiled
2077,concrete
2078,soft_tiles
2079,fine_concrete
2080,tiled
2081,soft_tiles
2082,soft_tiles
2083,concrete
2084,concrete
2085,concrete
2086,soft_tiles
2087,wood
2088,fine_concrete
2089,wood
2090,concrete
2091,carpet
2092,concrete
2093,soft_pvc
2094,wood
2095,soft_pvc
2096,soft_tiles
2097,soft_pvc
2098,soft_pvc
2099,hard_tiles_large_space
2100,fine_concrete
2101,concrete
2102,concrete
2103,fine_concrete
2104,soft_pvc
2105,soft_pvc
2106,soft_pvc
2107,hard_tiles_large_space
2108,hard_tiles_large_space
2109,concrete
2110,concrete
2111,soft_pvc
2112,tiled
2113,soft_tiles
2114,soft_tiles
2115,soft_tiles
2116,concrete
2117,concrete
2118,concrete
2119,soft_tiles
2120,tiled
2121,wood
2122,soft_pvc
2123,wood
2124,soft_pvc
2125,soft_tiles
2126,fine_concrete
2127,hard_tiles_large_space
2128,concrete
2129,tiled
2130,carpet
2131,soft_pvc
2132,concrete
2133,hard_tiles_large_space
2134,wood
2135,soft_pvc
2136,hard_tiles_large_space
2137,soft_tiles
2138,concrete
2139,tiled
2140,concrete
2141,soft_pvc
2142,soft_pvc
2143,concrete
2144,soft_tiles
2145,wood
2146,soft_tiles
2147,soft_tiles
2148,concrete
2149,soft_tiles
2150,soft_pvc
2151,soft_pvc
2152,carpet
2153,wood
2154,soft_tiles
2155,soft_tiles
2156,wood
2157,wood
2158,soft_tiles
2159,concrete
2160,soft_tiles
2161,soft_pvc
2162,concrete
2163,hard_tiles_large_space
2164,wood
2165,tiled
2166,soft_pvc
2167,concrete
2168,soft_tiles
2169,tiled
2170,soft_tiles
2171,soft_pvc
2172,soft_pvc
2173,soft_tiles
2174,carpet
2175,wood
2176,concrete
2177,hard_tiles_large_space
2178,soft_pvc
2179,tiled
2180,concrete
2181,tiled
2182,concrete
2183,wood
2184,tiled
2185,tiled
2186,soft_pvc
2187,wood
2188,soft_tiles
2189,wood
2190,tiled
2191,soft_pvc
2192,concrete
2193,wood
2194,soft_tiles
2195,concrete
2196,soft_pvc
2197,soft_pvc
2198,soft_tiles
2199,hard_tiles_large_space
2200,soft_tiles
2201,soft_tiles
2202,concrete
2203,concrete
2204,soft_pvc
2205,concrete
2206,soft_pvc
2207,soft_tiles
2208,soft_tiles
2209,fine_concrete
2210,soft_pvc
2211,carpet
2212,tiled
2213,carpet
2214,soft_pvc
2215,tiled
2216,tiled
2217,soft_tiles
2218,wood
2219,hard_tiles_large_space
2220,soft_pvc
2221,wood
2222,tiled
2223,soft_pvc
2224,concrete
2225,concrete
2226,soft_pvc
2227,wood
2228,tiled
2229,wood
2230,concrete
2231,wood
2232,soft_pvc
2233,soft_pvc
2234,concrete
2235,hard_tiles_large_space
2236,hard_tiles_large_space
2237,wood
2238,soft_pvc
2239,soft_pvc
2240,wood
2241,concrete
2242,wood
2243,tiled
2244,soft_pvc
2245,soft_pvc
2246,wood
2247,fine_concrete
2248,concrete
2249,concrete
2250,soft_tiles
2251,wood
2252,concrete
2253,fine_concrete
2254,concrete
2255,tiled
2256,tiled
2257,tiled
2258,soft_tiles
2259,soft_pvc
2260,soft_pvc
2261,wood
2262,wood
2263,soft_pvc
2264,soft_pvc
2265,hard_tiles_large_space
2266,soft_pvc
2267,tiled
2268,soft_pvc
2269,wood
2270,soft_pvc
2271,wood
2272,soft_pvc
2273,wood
2274,concrete
2275,wood
2276,tiled
2277,concrete
2278,wood
2279,concrete
2280,tiled
2281,wood
2282,fine_concrete
2283,tiled
2284,carpet
2285,concrete
2286,soft_pvc
2287,tiled
2288,concrete
2289,tiled
2290,concrete
2291,fine_concrete
2292,wood
2293,hard_tiles_large_space
2294,wood
2295,concrete
2296,wood
2297,soft_tiles
2298,carpet
2299,soft_pvc
2300,soft_pvc
2301,fine_concrete
2302,wood
2303,soft_pvc
2304,concrete
2305,concrete
2306,soft_pvc
2307,concrete
2308,fine_concrete
2309,fine_concrete
2310,soft_pvc
2311,concrete
2312,soft_pvc
2313,soft_tiles
2314,fine_concrete
2315,wood
2316,soft_tiles
2317,soft_pvc
2318,wood
2319,fine_concrete
2320,soft_pvc
2321,soft_tiles
2322,carpet
2323,soft_pvc
2324,fine_concrete
2325,tiled
2326,hard_tiles_large_space
2327,soft_pvc
2328,wood
2329,wood
2330,soft_pvc
2331,soft_pvc
2332,soft_pvc
2333,soft_pvc
2334,wood
2335,wood
2336,wood
2337,soft_pvc
2338,wood
2339,soft_pvc
2340,concrete
2341,concrete
2342,soft_pvc
2343,hard_tiles_large_space
2344,concrete
2345,soft_tiles
2346,tiled
2347,soft_pvc
2348,tiled
2349,tiled
2350,soft_tiles
2351,concrete
2352,soft_tiles
2353,wood
2354,soft_tiles
2355,soft_tiles
2356,soft_pvc
2357,fine_concrete
2358,carpet
2359,wood
2360,hard_tiles_large_space
2361,soft_pvc
2362,concrete
2363,tiled
2364,wood
2365,soft_pvc
2366,soft_pvc
2367,wood
2368,wood
2369,wood
2370,soft_tiles
2371,soft_pvc
2372,wood
2373,hard_tiles_large_space
2374,soft_tiles
2375,soft_pvc
2376,fine_concrete
2377,concrete
2378,fine_concrete
2379,wood
2380,tiled
2381,soft_tiles
2382,tiled
2383,soft_pvc
2384,hard_tiles_large_space
2385,concrete
2386,tiled
2387,carpet
2388,wood
2389,soft_pvc
2390,wood
2391,soft_tiles
2392,soft_pvc
2393,concrete
2394,soft_pvc
2395,soft_pvc
2396,wood
2397,concrete
2398,fine_concrete
2399,soft_tiles
2400,concrete
2401,concrete
2402,tiled
2403,concrete
2404,hard_tiles_large_space
2405,tiled
2406,soft_pvc
2407,soft_pvc
2408,concrete
2409,tiled
2410,soft_pvc
2411,wood
2412,tiled
2413,carpet
2414,wood
2415,carpet
2416,hard_tiles_large_space
2417,hard_tiles_large_space
2418,soft_pvc
2419,soft_pvc
2420,carpet
2421,soft_pvc
2422,tiled
2423,soft_tiles
2424,soft_tiles
2425,concrete
2426,wood
2427,tiled
2428,tiled
2429,wood
2430,fine_concrete
2431,concrete
2432,soft_tiles
2433,concrete
2434,fine_concrete
2435,soft_tiles
2436,concrete
2437,concrete
2438,hard_tiles_large_space
2439,soft_pvc
2440,concrete
2441,soft_pvc
2442,hard_tiles_large_space
2443,soft_pvc
2444,hard_tiles_large_space
2445,soft_pvc
2446,concrete
2447,soft_pvc
2448,hard_tiles_large_space
2449,wood
2450,concrete
2451,concrete
2452,soft_pvc
2453,concrete
2454,concrete
2455,hard_tiles_large_space
2456,concrete
2457,concrete
2458,soft_tiles
2459,concrete
2460,hard_tiles_large_space
2461,wood
2462,soft_tiles
2463,concrete
2464,carpet
2465,carpet
2466,carpet
2467,fine_concrete
2468,concrete
2469,soft_pvc
2470,wood
2471,hard_tiles_large_space
2472,soft_pvc
2473,concrete
2474,wood
2475,soft_pvc
2476,concrete
2477,concrete
2478,wood
2479,soft_tiles
2480,concrete
2481,soft_tiles
2482,soft_pvc
2483,wood
2484,soft_pvc
2485,hard_tiles_large_space
2486,fine_concrete
2487,wood
2488,concrete
2489,concrete
2490,concrete
2491,concrete
2492,soft_pvc
2493,concrete
2494,concrete
2495,concrete
2496,soft_tiles
2497,soft_pvc
2498,wood
2499,carpet
2500,wood
2501,tiled
2502,soft_tiles
2503,wood
2504,soft_pvc
2505,soft_pvc
2506,concrete
2507,concrete
2508,concrete
2509,carpet
2510,wood
2511,concrete
2512,wood
2513,soft_tiles
2514,fine_concrete
2515,fine_concrete
2516,soft_pvc
2517,wood
2518,fine_concrete
2519,hard_tiles_large_space
2520,soft_tiles
2521,fine_concrete
2522,soft_pvc
2523,wood
2524,soft_pvc
2525,soft_pvc
2526,wood
2527,concrete
2528,wood
2529,carpet
2530,wood
2531,soft_tiles
2532,fine_concrete
2533,hard_tiles_large_space
2534,concrete
2535,concrete
2536,tiled
2537,soft_tiles
2538,soft_tiles
2539,soft_tiles
2540,concrete
2541,tiled
2542,wood
2543,hard_tiles_large_space
2544,tiled
2545,tiled
2546,wood
2547,concrete
2548,wood
2549,tiled
2550,tiled
2551,soft_tiles
2552,wood
2553,concrete
2554,tiled
2555,soft_tiles
2556,tiled
2557,concrete
2558,wood
2559,fine_concrete
2560,hard_tiles_large_space
2561,soft_tiles
2562,hard_tiles_large_space
2563,wood
2564,concrete
2565,soft_pvc
2566,concrete
2567,soft_tiles
2568,concrete
2569,wood
2570,concrete
2571,soft_pvc
2572,soft_pvc
2573,soft_pvc
2574,wood
2575,wood
2576,soft_tiles
2577,wood
2578,soft_tiles
2579,soft_pvc
2580,fine_concrete
2581,concrete
2582,wood
2583,concrete
2584,soft_pvc
2585,soft_tiles
2586,concrete
2587,concrete
2588,concrete
2589,soft_pvc
2590,soft_tiles
2591,concrete
2592,soft_pvc
2593,fine_concrete
2594,tiled
2595,soft_tiles
2596,soft_pvc
2597,hard_tiles_large_space
2598,fine_concrete
2599,concrete
2600,soft_pvc
2601,concrete
2602,wood
2603,concrete
2604,concrete
2605,concrete
2606,soft_pvc
2607,concrete
2608,concrete
2609,hard_tiles_large_space
2610,hard_tiles_large_space
2611,fine_concrete
2612,wood
2613,concrete
2614,wood
2615,wood
2616,soft_pvc
2617,hard_tiles_large_space
2618,fine_concrete
2619,wood
2620,wood
2621,tiled
2622,soft_pvc
2623,concrete
2624,wood
2625,soft_pvc
2626,soft_pvc
2627,tiled
2628,soft_pvc
2629,wood
2630,tiled
2631,tiled
2632,hard_tiles_large_space
2633,wood
2634,carpet
2635,concrete
2636,wood
2637,concrete
2638,concrete
2639,wood
2640,concrete
2641,soft_pvc
2642,soft_tiles
2643,concrete
2644,fine_concrete
2645,wood
2646,soft_pvc
2647,soft_tiles
2648,concrete
2649,soft_pvc
2650,tiled
2651,soft_pvc
2652,wood
2653,fine_concrete
2654,soft_pvc
2655,tiled
2656,concrete
2657,soft_pvc
2658,hard_tiles_large_space
2659,soft_tiles
2660,soft_pvc
2661,soft_pvc
2662,wood
2663,fine_concrete
2664,soft_pvc
2665,concrete
2666,soft_pvc
2667,soft_pvc
2668,hard_tiles_large_space
2669,soft_pvc
2670,concrete
2671,concrete
2672,concrete
2673,soft_pvc
2674,soft_pvc
2675,concrete
2676,soft_tiles
2677,soft_pvc
2678,hard_tiles_large_space
2679,soft_pvc
2680,soft_pvc
2681,soft_pvc
2682,wood
2683,concrete
2684,concrete
2685,concrete
2686,soft_pvc
2687,tiled
2688,soft_pvc
2689,wood
2690,concrete
2691,concrete
2692,soft_pvc
2693,soft_pvc
2694,soft_tiles
2695,tiled
2696,tiled
2697,hard_tiles_large_space
2698,soft_pvc
2699,soft_pvc
2700,concrete
2701,soft_pvc
2702,carpet
2703,soft_pvc
2704,tiled
2705,soft_pvc
2706,concrete
2707,concrete
2708,hard_tiles_large_space
2709,soft_pvc
2710,soft_pvc
2711,hard_tiles_large_space
2712,wood
2713,soft_pvc
2714,concrete
2715,concrete
2716,tiled
2717,tiled
2718,concrete
2719,soft_pvc
2720,soft_tiles
2721,tiled
2722,soft_tiles
2723,soft_tiles
2724,soft_pvc
2725,tiled
2726,concrete
2727,soft_pvc
2728,wood
2729,tiled
2730,wood
2731,wood
2732,carpet
2733,soft_pvc
2734,concrete
2735,tiled
2736,hard_tiles_large_space
2737,tiled
2738,soft_pvc
2739,soft_pvc
2740,concrete
2741,wood
2742,tiled
2743,concrete
2744,soft_tiles
2745,wood
2746,tiled
2747,concrete
2748,fine_concrete
2749,soft_pvc
2750,soft_pvc
2751,wood
2752,concrete
2753,soft_pvc
2754,concrete
2755,hard_tiles_large_space
2756,tiled
2757,soft_pvc
2758,soft_pvc
2759,soft_pvc
2760,concrete
2761,soft_pvc
2762,soft_pvc
2763,hard_tiles_large_space
2764,soft_tiles
2765,concrete
2766,carpet
2767,soft_pvc
2768,concrete
2769,concrete
2770,hard_tiles_large_space
2771,hard_tiles_large_space
2772,soft_pvc
2773,soft_pvc
2774,tiled
2775,soft_pvc
2776,soft_tiles
2777,soft_pvc
2778,concrete
2779,soft_tiles
2780,fine_concrete
2781,soft_pvc
2782,carpet
2783,concrete
2784,fine_concrete
2785,tiled
2786,soft_tiles
2787,soft_pvc
2788,hard_tiles_large_space
2789,soft_pvc
2790,hard_tiles_large_space
2791,wood
2792,soft_tiles
2793,concrete
2794,soft_tiles
2795,soft_tiles
2796,concrete
2797,soft_pvc
2798,soft_tiles
2799,concrete
2800,wood
2801,concrete
2802,carpet
2803,soft_pvc
2804,concrete
2805,concrete
2806,concrete
2807,concrete
2808,carpet
2809,soft_pvc
2810,soft_pvc
2811,fine_concrete
2812,hard_tiles_large_space
2813,soft_tiles
2814,concrete
2815,soft_tiles
2816,carpet
2817,carpet
2818,concrete
2819,fine_concrete
2820,wood
2821,concrete
2822,soft_pvc
2823,soft_pvc
2824,concrete
2825,wood
2826,carpet
2827,concrete
2828,soft_tiles
2829,tiled
2830,concrete
2831,tiled
2832,soft_pvc
2833,concrete
2834,tiled
2835,soft_pvc
2836,soft_tiles
2837,soft_pvc
2838,soft_tiles
2839,soft_pvc
2840,fine_concrete
2841,carpet
2842,concrete
2843,concrete
2844,soft_pvc
2845,soft_pvc
2846,fine_concrete
2847,concrete
2848,concrete
2849,concrete
2850,wood
2851,wood
2852,soft_pvc
2853,concrete
2854,concrete
2855,fine_concrete
2856,concrete
2857,fine_concrete
2858,hard_tiles_large_space
2859,soft_pvc
2860,concrete
2861,wood
2862,hard_tiles_large_space
2863,concrete
2864,soft_tiles
2865,concrete
2866,soft_tiles
2867,tiled
2868,soft_pvc
2869,wood
2870,wood
2871,concrete
2872,hard_tiles_large_space
2873,carpet
2874,concrete
2875,tiled
2876,soft_pvc
2877,concrete
2878,wood
2879,soft_tiles
2880,soft_tiles
2881,fine_concrete
2882,concrete
2883,wood
2884,tiled
2885,wood
2886,fine_concrete
2887,soft_tiles
2888,tiled
2889,fine_concrete
2890,soft_tiles
2891,soft_pvc
2892,soft_tiles
2893,hard_tiles_large_space
2894,wood
2895,wood
2896,soft_tiles
2897,soft_tiles
2898,soft_pvc
2899,concrete
2900,soft_pvc
2901,soft_tiles
2902,tiled
2903,concrete
2904,wood
2905,soft_pvc
2906,tiled
2907,wood
2908,fine_concrete
2909,soft_pvc
2910,wood
2911,tiled
2912,tiled
2913,wood
2914,tiled
2915,concrete
2916,soft_pvc
2917,concrete
2918,concrete
2919,fine_concrete
2920,wood
2921,soft_tiles
2922,tiled
2923,concrete
2924,soft_pvc
2925,soft_pvc
2926,wood
2927,soft_tiles
2928,soft_pvc
2929,soft_pvc
2930,concrete
2931,soft_pvc
2932,tiled
2933,soft_pvc
2934,soft_pvc
2935,tiled
2936,fine_concrete
2937,tiled
2938,soft_tiles
2939,concrete
2940,tiled
2941,hard_tiles_large_space
2942,hard_tiles_large_space
2943,tiled
2944,wood
2945,concrete
2946,soft_pvc
2947,fine_concrete
2948,tiled
2949,fine_concrete
2950,soft_pvc
2951,concrete
2952,fine_concrete
2953,hard_tiles_large_space
2954,hard_tiles_large_space
2955,soft_tiles
2956,concrete
2957,concrete
2958,fine_concrete
2959,fine_concrete
2960,tiled
2961,hard_tiles_large_space
2962,concrete
2963,soft_pvc
2964,soft_tiles
2965,soft_tiles
2966,wood
2967,wood
2968,concrete
2969,hard_tiles_large_space
2970,carpet
2971,soft_pvc
2972,soft_tiles
2973,wood
2974,wood
2975,soft_tiles
2976,concrete
2977,soft_pvc
2978,concrete
2979,fine_concrete
2980,fine_concrete
2981,concrete
2982,wood
2983,hard_tiles_large_space
2984,soft_pvc
2985,soft_pvc
2986,concrete
2987,carpet
2988,hard_tiles_large_space
2989,soft_pvc
2990,concrete
2991,concrete
2992,carpet
2993,wood
2994,wood
2995,soft_tiles
2996,concrete
2997,concrete
2998,hard_tiles_large_space
2999,soft_pvc
3000,wood
3001,soft_tiles
3002,fine_concrete
3003,tiled
3004,carpet
3005,fine_concrete
3006,fine_concrete
3007,soft_pvc
3008,soft_tiles
3009,soft_pvc
3010,wood
3011,soft_pvc
3012,soft_tiles
3013,soft_pvc
3014,carpet
3015,concrete
3016,soft_pvc
3017,tiled
3018,concrete
3019,wood
3020,wood
3021,concrete
3022,tiled
3023,soft_tiles
3024,soft_pvc
3025,tiled
3026,soft_tiles
3027,fine_concrete
3028,soft_pvc
3029,soft_pvc
3030,soft_tiles
3031,concrete
3032,concrete
3033,hard_tiles_large_space
3034,concrete
3035,fine_concrete
3036,carpet
3037,soft_pvc
3038,soft_tiles
3039,wood
3040,soft_pvc
3041,concrete
3042,hard_tiles_large_space
3043,concrete
3044,concrete
3045,wood
3046,fine_concrete
3047,wood
3048,soft_pvc
3049,soft_pvc
3050,wood
3051,soft_pvc
3052,concrete
3053,concrete
3054,hard_tiles_large_space
3055,tiled
3056,wood
3057,hard_tiles_large_space
3058,tiled
3059,soft_pvc
3060,concrete
3061,carpet
3062,soft_tiles
3063,tiled
3064,wood
3065,fine_concrete
3066,wood
3067,concrete
3068,concrete
3069,soft_pvc
3070,concrete
3071,concrete
3072,fine_concrete
3073,wood
3074,soft_pvc
3075,concrete
3076,soft_tiles
3077,concrete
3078,tiled
3079,soft_pvc
3080,soft_tiles
3081,hard_tiles_large_space
3082,concrete
3083,soft_pvc
3084,soft_tiles
3085,soft_pvc
3086,wood
3087,wood
3088,soft_pvc
3089,hard_tiles_large_space
3090,soft_pvc
3091,carpet
3092,soft_pvc
3093,wood
3094,concrete
3095,wood
3096,fine_concrete
3097,concrete
3098,fine_concrete
3099,soft_pvc
3100,wood
3101,concrete
3102,soft_tiles
3103,wood
3104,soft_pvc
3105,carpet
3106,wood
3107,soft_pvc
3108,soft_pvc
3109,soft_tiles
3110,soft_tiles
3111,tiled
3112,soft_tiles
3113,soft_tiles
3114,soft_pvc
3115,tiled
3116,wood
3117,wood
3118,concrete
3119,hard_tiles_large_space
3120,concrete
3121,wood
3122,tiled
3123,concrete
3124,hard_tiles_large_space
3125,concrete
3126,soft_tiles
3127,soft_tiles
3128,wood
3129,soft_pvc
3130,hard_tiles_large_space
3131,concrete
3132,wood
3133,soft_pvc
3134,tiled
3135,hard_tiles_large_space
3136,concrete
3137,concrete
3138,carpet
3139,soft_pvc
3140,wood
3141,soft_pvc
3142,wood
3143,soft_pvc
3144,wood
3145,soft_pvc
3146,soft_pvc
3147,wood
3148,fine_concrete
3149,soft_pvc
3150,fine_concrete
3151,soft_pvc
3152,concrete
3153,soft_pvc
3154,soft_pvc
3155,wood
3156,concrete
3157,concrete
3158,concrete
3159,concrete
3160,tiled
3161,soft_pvc
3162,tiled
3163,fine_concrete
3164,soft_pvc
3165,concrete
3166,soft_tiles
3167,soft_tiles
3168,tiled
3169,soft_pvc
3170,wood
3171,concrete
3172,soft_tiles
3173,concrete
3174,fine_concrete
3175,soft_pvc
3176,soft_pvc
3177,hard_tiles_large_space
3178,concrete
3179,tiled
3180,soft_pvc
3181,hard_tiles_large_space
3182,soft_pvc
3183,concrete
3184,tiled
3185,soft_pvc
3186,soft_pvc
3187,tiled
3188,soft_tiles
3189,concrete
3190,carpet
3191,fine_concrete
3192,wood
3193,fine_concrete
3194,wood
3195,concrete
3196,soft_pvc
3197,soft_pvc
3198,tiled
3199,concrete
3200,fine_concrete
3201,wood
3202,wood
3203,hard_tiles_large_space
3204,concrete
3205,hard_tiles_large_space
3206,concrete
3207,soft_pvc
3208,soft_tiles
3209,concrete
3210,soft_pvc
3211,fine_concrete
3212,tiled
3213,tiled
3214,concrete
3215,soft_pvc
3216,fine_concrete
3217,soft_pvc
3218,soft_tiles
3219,tiled
3220,fine_concrete
3221,carpet
3222,carpet
3223,soft_pvc
3224,tiled
3225,soft_tiles
3226,concrete
3227,soft_tiles
3228,soft_pvc
3229,soft_pvc
3230,fine_concrete
3231,soft_tiles
3232,soft_pvc
3233,concrete
3234,concrete
3235,soft_tiles
3236,soft_pvc
3237,hard_tiles_large_space
3238,carpet
3239,hard_tiles_large_space
3240,soft_pvc
3241,carpet
3242,wood
3243,hard_tiles_large_space
3244,concrete
3245,hard_tiles_large_space
3246,hard_tiles_large_space
3247,concrete
3248,wood
3249,concrete
3250,soft_tiles
3251,soft_pvc
3252,wood
3253,tiled
3254,soft_tiles
3255,concrete
3256,wood
3257,wood
3258,carpet
3259,wood
3260,wood
3261,tiled
3262,soft_pvc
3263,concrete
3264,concrete
3265,wood
3266,tiled
3267,tiled
3268,wood
3269,soft_tiles
3270,tiled
3271,soft_pvc
3272,hard_tiles_large_space
3273,fine_concrete
3274,tiled
3275,soft_pvc
3276,concrete
3277,concrete
3278,wood
3279,concrete
3280,tiled
3281,hard_tiles_large_space
3282,soft_pvc
3283,wood
3284,hard_tiles_large_space
3285,wood
3286,fine_concrete
3287,tiled
3288,fine_concrete
3289,fine_concrete
3290,concrete
3291,wood
3292,concrete
3293,concrete
3294,concrete
3295,concrete
3296,hard_tiles_large_space
3297,tiled
3298,concrete
3299,wood
3300,soft_pvc
3301,tiled
3302,soft_pvc
3303,concrete
3304,hard_tiles_large_space
3305,fine_concrete
3306,concrete
3307,wood
3308,soft_pvc
3309,tiled
3310,soft_tiles
3311,soft_pvc
3312,soft_pvc
3313,wood
3314,wood
3315,fine_concrete
3316,tiled
3317,concrete
3318,wood
3319,tiled
3320,soft_pvc
3321,soft_tiles
3322,soft_pvc
3323,tiled
3324,soft_pvc
3325,tiled
3326,soft_tiles
3327,soft_pvc
3328,soft_tiles
3329,wood
3330,soft_pvc
3331,concrete
3332,concrete
3333,soft_pvc
3334,hard_tiles_large_space
3335,wood
3336,hard_tiles_large_space
3337,soft_pvc
3338,soft_pvc
3339,soft_pvc
3340,fine_concrete
3341,soft_pvc
3342,tiled
3343,fine_concrete
3344,wood
3345,tiled
3346,wood
3347,soft_pvc
3348,tiled
3349,wood
3350,hard_tiles_large_space
3351,soft_pvc
3352,tiled
3353,wood
3354,soft_pvc
3355,soft_pvc
3356,concrete
3357,soft_tiles
3358,hard_tiles_large_space
3359,concrete
3360,concrete
3361,wood
3362,tiled
3363,soft_tiles
3364,soft_pvc
3365,tiled
3366,hard_tiles_large_space
3367,wood
3368,soft_tiles
3369,soft_pvc
3370,wood
3371,wood
3372,soft_tiles
3373,tiled
3374,wood
3375,wood
3376,soft_pvc
3377,concrete
3378,wood
3379,wood
3380,soft_pvc
3381,concrete
3382,tiled
3383,soft_pvc
3384,fine_concrete
3385,concrete
3386,concrete
3387,concrete
3388,soft_pvc
3389,concrete
3390,concrete
3391,soft_pvc
3392,carpet
3393,soft_tiles
3394,tiled
3395,concrete
3396,soft_pvc
3397,hard_tiles_large_space
3398,hard_tiles_large_space
3399,wood
3400,soft_tiles
3401,soft_tiles
3402,soft_pvc
3403,wood
3404,hard_tiles_large_space
3405,fine_concrete
3406,soft_pvc
3407,wood
3408,tiled
3409,fine_concrete
3410,tiled
3411,soft_pvc
3412,concrete
3413,concrete
3414,tiled
3415,tiled
3416,wood
3417,concrete
3418,concrete
3419,concrete
3420,soft_pvc
3421,fine_concrete
3422,fine_concrete
3423,wood
3424,soft_pvc
3425,concrete
3426,concrete
3427,soft_pvc
3428,soft_pvc
3429,concrete
3430,concrete
3431,concrete
3432,concrete
3433,concrete
3434,concrete
3435,soft_tiles
3436,carpet
3437,soft_tiles
3438,soft_pvc
3439,soft_tiles
3440,soft_tiles
3441,wood
3442,wood
3443,soft_pvc
3444,wood
3445,soft_pvc
3446,wood
3447,hard_tiles_large_space
3448,soft_pvc
3449,soft_tiles
3450,soft_pvc
3451,concrete
3452,soft_pvc
3453,soft_pvc
3454,wood
3455,fine_concrete
3456,soft_pvc
3457,fine_concrete
3458,carpet
3459,soft_pvc
3460,tiled
3461,carpet
3462,soft_pvc
3463,hard_tiles_large_space
3464,carpet
3465,tiled
3466,hard_tiles_large_space
3467,soft_pvc
3468,soft_pvc
3469,concrete
3470,wood
3471,wood
3472,concrete
3473,concrete
3474,tiled
3475,fine_concrete
3476,wood
3477,soft_tiles
3478,fine_concrete
3479,soft_pvc
3480,soft_pvc
3481,concrete
3482,concrete
3483,soft_pvc
3484,wood
3485,concrete
3486,concrete
3487,soft_pvc
3488,tiled
3489,soft_pvc
3490,soft_pvc
3491,wood
3492,tiled
3493,soft_pvc
3494,wood
3495,tiled
3496,soft_pvc
3497,soft_pvc
3498,concrete
3499,soft_tiles
3500,hard_tiles_large_space
3501,wood
3502,soft_pvc
3503,hard_tiles_large_space
3504,soft_pvc
3505,fine_concrete
3506,soft_pvc
3507,concrete
3508,soft_pvc
3509,soft_pvc
3510,tiled
3511,concrete
3512,hard_tiles_large_space
3513,concrete
3514,hard_tiles_large_space
3515,soft_pvc
3516,soft_tiles
3517,concrete
3518,concrete
3519,soft_tiles
3520,soft_pvc
3521,wood
3522,tiled
3523,soft_pvc
3524,carpet
3525,soft_pvc
3526,soft_pvc
3527,tiled
3528,wood
3529,carpet
3530,soft_tiles
3531,soft_tiles
3532,tiled
3533,soft_pvc
3534,wood
3535,wood
3536,hard_tiles_large_space
3537,wood
3538,concrete
3539,concrete
3540,soft_pvc
3541,concrete
3542,soft_pvc
3543,wood
3544,tiled
3545,wood
3546,wood
3547,wood
3548,concrete
3549,wood
3550,soft_tiles
3551,wood
3552,soft_tiles
3553,wood
3554,soft_tiles
3555,fine_concrete
3556,carpet
3557,tiled
3558,soft_tiles
3559,soft_pvc
3560,hard_tiles_large_space
3561,concrete
3562,soft_pvc
3563,concrete
3564,soft_pvc
3565,soft_tiles
3566,soft_pvc
3567,wood
3568,fine_concrete
3569,concrete
3570,soft_pvc
3571,soft_tiles
3572,soft_tiles
3573,concrete
3574,concrete
3575,hard_tiles_large_space
3576,concrete
3577,concrete
3578,soft_tiles
3579,tiled
3580,wood
3581,concrete
3582,wood
3583,soft_pvc
3584,wood
3585,concrete
3586,soft_pvc
3587,soft_pvc
3588,soft_tiles
3589,wood
3590,wood
3591,tiled
3592,tiled
3593,soft_pvc
3594,concrete
3595,concrete
3596,fine_concrete
3597,wood
3598,wood
3599,concrete
3600,wood
3601,tiled
3602,soft_pvc
3603,soft_tiles
3604,concrete
3605,concrete
3606,concrete
3607,soft_pvc
3608,soft_pvc
3609,concrete
3610,concrete
3611,carpet
3612,tiled
3613,tiled
3614,concrete
3615,tiled
3616,concrete
3617,soft_pvc
3618,soft_pvc
3619,tiled
3620,hard_tiles_large_space
3621,hard_tiles_large_space
3622,wood
3623,soft_tiles
3624,concrete
3625,concrete
3626,soft_tiles
3627,soft_pvc
3628,fine_concrete
3629,wood
3630,soft_pvc
3631,soft_pvc
3632,tiled
3633,hard_tiles_large_space
3634,tiled
3635,soft_pvc
3636,hard_tiles_large_space
3637,soft_pvc
3638,tiled
3639,fine_concrete
3640,hard_tiles_large_space
3641,concrete
3642,soft_tiles
3643,concrete
3644,concrete
3645,fine_concrete
3646,tiled
3647,soft_pvc
3648,soft_pvc
3649,soft_pvc
3650,soft_pvc
3651,wood
3652,soft_tiles
3653,soft_pvc
3654,concrete
3655,concrete
3656,fine_concrete
3657,soft_pvc
3658,tiled
3659,concrete
3660,soft_pvc
3661,concrete
3662,soft_pvc
3663,tiled
3664,hard_tiles_large_space
3665,wood
3666,hard_tiles_large_space
3667,wood
3668,hard_tiles_large_space
3669,concrete
3670,fine_concrete
3671,concrete
3672,soft_tiles
3673,concrete
3674,tiled
3675,hard_tiles_large_space
3676,wood
3677,fine_concrete
3678,concrete
3679,tiled
3680,concrete
3681,fine_concrete
3682,concrete
3683,soft_pvc
3684,fine_concrete
3685,hard_tiles_large_space
3686,concrete
3687,concrete
3688,concrete
3689,concrete
3690,tiled
3691,concrete
3692,tiled
3693,concrete
3694,soft_pvc
3695,wood
3696,wood
3697,wood
3698,concrete
3699,soft_tiles
3700,concrete
3701,concrete
3702,soft_pvc
3703,tiled
3704,soft_tiles
3705,tiled
3706,soft_tiles
3707,soft_pvc
3708,tiled
3709,concrete
3710,concrete
3711,soft_pvc
3712,soft_pvc
3713,concrete
3714,concrete
3715,soft_pvc
3716,tiled
3717,tiled
3718,concrete
3719,concrete
3720,concrete
3721,soft_tiles
3722,soft_pvc
3723,concrete
3724,hard_tiles_large_space
3725,soft_pvc
3726,tiled
3727,concrete
3728,soft_tiles
3729,soft_tiles
3730,soft_pvc
3731,soft_pvc
3732,tiled
3733,soft_tiles
3734,concrete
3735,concrete
3736,soft_pvc
3737,wood
3738,soft_tiles
3739,wood
3740,soft_pvc
3741,concrete
3742,tiled
3743,carpet
3744,concrete
3745,soft_pvc
3746,concrete
3747,wood
3748,tiled
3749,wood
3750,soft_tiles
3751,wood
3752,wood
3753,soft_pvc
3754,wood
3755,soft_tiles
3756,soft_tiles
3757,soft_pvc
3758,wood
3759,hard_tiles_large_space
3760,concrete
3761,carpet
3762,concrete
3763,fine_concrete
3764,concrete
3765,fine_concrete
3766,concrete
3767,carpet
3768,fine_concrete
3769,wood
3770,tiled
3771,soft_tiles
3772,wood
3773,hard_tiles_large_space
3774,soft_tiles
3775,tiled
3776,concrete
3777,carpet
3778,tiled
3779,soft_pvc
3780,concrete
3781,soft_pvc
3782,fine_concrete
3783,soft_pvc
3784,soft_tiles
3785,hard_tiles_large_space
3786,wood
3787,carpet
3788,concrete
3789,tiled
3790,tiled
3791,hard_tiles_large_space
3792,soft_pvc
3793,wood
3794,tiled
3795,concrete
3796,hard_tiles_large_space
3797,concrete
3798,wood
3799,concrete
3800,soft_tiles
3801,soft_pvc
3802,fine_concrete
3803,concrete
3804,concrete
3805,wood
3806,concrete
3807,soft_pvc
3808,tiled
3809,soft_pvc
3810,concrete
3811,soft_pvc
3812,carpet
3813,concrete
3814,concrete
3815,wood
